index,SEASON,DATE_TIME,TEAM_HOME,TEAM_AWAY,FTG_HOME,FTG_AWAY,HTG_HOME,HTG_AWAY
0,2017/2017,15/4/2017,PS BARITO PUTERA,MITRA KUKAR,2.0,1.0,0.0,1.0
1,2017/2017,15/4/2017,PERSIB BANDUNG,AREMA FC,0.0,0.0,0.0,0.0
2,2017/2017,16/4/2017,MADURA UNITED,BALI UNITED,2.0,0.0,1.0,0.0
3,2017/2017,16/4/2017,PERSIBA BALIKPAPAN,PERSIJA JAKARTA,0.0,2.0,0.0,0.0
4,2017/2017,16/4/2017,PSM MAKASSAR,PERSELA LAMONGAN,3.0,1.0,3.0,0.0
5,2017/2017,17/4/2017,PERSIKABO 1973,BORNEO FC,2.0,2.0,1.0,1.0
6,2017/2017,17/4/2017,SEMEN PADANG,SRIWIJAYA FC,1.0,1.0,0.0,0.0
7,2017/2017,18/4/2017,PERSIPURA JAYAPURA,GRESIK UNITED,1.0,1.0,1.0,1.0
8,2017/2017,20/4/2017,BHAYANGKARA FC,PERSERU SERUI,2.0,1.0,1.0,0.0
9,2017/2017,21/4/2017,GRESIK UNITED,SEMEN PADANG,1.0,3.0,1.0,1.0
10,2017/2017,21/4/2017,PERSELA LAMONGAN,MADURA UNITED,2.0,0.0,1.0,0.0
11,2017/2017,22/4/2017,SRIWIJAYA FC,BORNEO FC,1.0,0.0,1.0,0.0
12,2017/2017,22/4/2017,PERSIJA JAKARTA,PS BARITO PUTERA,1.0,1.0,0.0,0.0
13,2017/2017,22/4/2017,PERSIKABO 1973,PERSIB BANDUNG,2.0,2.0,0.0,0.0
14,2017/2017,23/4/2017,BALI UNITED,PERSIPURA JAYAPURA,1.0,2.0,1.0,2.0
15,2017/2017,23/4/2017,AREMA FC,BHAYANGKARA FC,2.0,0.0,1.0,0.0
16,2017/2017,24/4/2017,MITRA KUKAR,PSM MAKASSAR,1.0,1.0,0.0,1.0
17,2017/2017,25/4/2017,PERSERU SERUI,PERSIBA BALIKPAPAN,2.0,1.0,2.0,0.0
18,2017/2017,28/4/2017,MADURA UNITED,MITRA KUKAR,2.0,2.0,1.0,1.0
19,2017/2017,28/4/2017,SEMEN PADANG,PERSIPURA JAYAPURA,1.0,0.0,0.0,0.0
20,2017/2017,29/4/2017,BHAYANGKARA FC,PERSIKABO 1973,1.0,2.0,0.0,1.0
21,2017/2017,29/4/2017,BORNEO FC,GRESIK UNITED,3.0,0.0,1.0,0.0
22,2017/2017,29/4/2017,PERSIB BANDUNG,SRIWIJAYA FC,2.0,0.0,1.0,0.0
23,2017/2017,30/4/2017,PERSELA LAMONGAN,BALI UNITED,0.0,1.0,0.0,1.0
24,2017/2017,30/4/2017,PS BARITO PUTERA,PERSERU SERUI,2.0,0.0,2.0,0.0
25,2017/2017,30/4/2017,PSM MAKASSAR,PERSIJA JAKARTA,1.0,0.0,0.0,0.0
26,2017/2017,1/5/2017,PERSIBA BALIKPAPAN,AREMA FC,0.0,1.0,0.0,0.0
27,2017/2017,2/5/2017,PERSIPURA JAYAPURA,BORNEO FC,2.0,1.0,0.0,0.0
28,2017/2017,3/5/2017,MITRA KUKAR,PERSELA LAMONGAN,3.0,2.0,1.0,0.0
29,2017/2017,3/5/2017,GRESIK UNITED,PERSIB BANDUNG,0.0,1.0,0.0,0.0
30,2017/2017,3/5/2017,SRIWIJAYA FC,BHAYANGKARA FC,1.0,2.0,0.0,1.0
31,2017/2017,4/5/2017,PERSERU SERUI,PSM MAKASSAR,1.0,2.0,1.0,1.0
32,2017/2017,4/5/2017,BALI UNITED,SEMEN PADANG,2.0,0.0,1.0,0.0
33,2017/2017,4/5/2017,PERSIJA JAKARTA,MADURA UNITED,0.0,1.0,0.0,0.0
34,2017/2017,5/5/2017,PERSIKABO 1973,PERSIBA BALIKPAPAN,1.0,1.0,0.0,1.0
35,2017/2017,5/5/2017,AREMA FC,PS BARITO PUTERA,1.0,0.0,1.0,0.0
36,2017/2017,7/5/2017,BHAYANGKARA FC,GRESIK UNITED,2.0,1.0,1.0,1.0
37,2017/2017,7/5/2017,PERSIB BANDUNG,PERSIPURA JAYAPURA,1.0,0.0,0.0,0.0
38,2017/2017,8/5/2017,BORNEO FC,SEMEN PADANG,1.0,0.0,0.0,0.0
39,2017/2017,8/5/2017,MADURA UNITED,PERSERU SERUI,1.0,1.0,1.0,1.0
40,2017/2017,9/5/2017,PS BARITO PUTERA,PERSIKABO 1973,0.0,1.0,0.0,1.0
41,2017/2017,9/5/2017,PERSIBA BALIKPAPAN,SRIWIJAYA FC,0.0,2.0,0.0,1.0
42,2017/2017,10/5/2017,PERSELA LAMONGAN,PERSIJA JAKARTA,1.0,0.0,1.0,0.0
43,2017/2017,10/5/2017,MITRA KUKAR,BALI UNITED,2.0,1.0,0.0,1.0
44,2017/2017,10/5/2017,PSM MAKASSAR,AREMA FC,1.0,0.0,0.0,0.0
45,2017/2017,12/5/2017,PERSIPURA JAYAPURA,BHAYANGKARA FC,3.0,1.0,1.0,0.0
46,2017/2017,12/5/2017,GRESIK UNITED,PERSIBA BALIKPAPAN,2.0,1.0,2.0,0.0
47,2017/2017,13/5/2017,PERSERU SERUI,PERSELA LAMONGAN,0.0,0.0,0.0,0.0
48,2017/2017,13/5/2017,SRIWIJAYA FC,PS BARITO PUTERA,3.0,2.0,2.0,1.0
49,2017/2017,13/5/2017,SEMEN PADANG,PERSIB BANDUNG,0.0,0.0,0.0,0.0
50,2017/2017,14/5/2017,PERSIJA JAKARTA,MITRA KUKAR,1.0,1.0,1.0,0.0
51,2017/2017,14/5/2017,AREMA FC,MADURA UNITED,1.0,1.0,0.0,0.0
52,2017/2017,14/5/2017,BALI UNITED,BORNEO FC,3.0,0.0,2.0,0.0
53,2017/2017,15/5/2017,PERSIKABO 1973,PSM MAKASSAR,2.0,1.0,1.0,0.0
54,2017/2017,19/5/2017,PS BARITO PUTERA,GRESIK UNITED,2.0,0.0,2.0,0.0
55,2017/2017,19/5/2017,MADURA UNITED,PERSIKABO 1973,4.0,1.0,2.0,0.0
56,2017/2017,20/5/2017,BHAYANGKARA FC,SEMEN PADANG,1.0,0.0,1.0,0.0
57,2017/2017,20/5/2017,MITRA KUKAR,PERSERU SERUI,1.0,0.0,1.0,0.0
58,2017/2017,20/5/2017,PERSIB BANDUNG,BORNEO FC,2.0,2.0,2.0,1.0
59,2017/2017,21/5/2017,PSM MAKASSAR,SRIWIJAYA FC,1.0,0.0,0.0,0.0
60,2017/2017,21/5/2017,PERSELA LAMONGAN,AREMA FC,4.0,0.0,2.0,0.0
61,2017/2017,21/5/2017,PERSIJA JAKARTA,BALI UNITED,0.0,0.0,0.0,0.0
62,2017/2017,22/5/2017,PERSIBA BALIKPAPAN,PERSIPURA JAYAPURA,0.0,2.0,0.0,2.0
63,2017/2017,27/5/2017,SRIWIJAYA FC,MADURA UNITED,0.0,0.0,0.0,0.0
64,2017/2017,27/5/2017,PERSIKABO 1973,PERSELA LAMONGAN,3.0,2.0,2.0,0.0
65,2017/2017,28/5/2017,AREMA FC,MITRA KUKAR,2.0,0.0,0.0,0.0
66,2017/2017,28/5/2017,GRESIK UNITED,PSM MAKASSAR,1.0,1.0,0.0,0.0
67,2017/2017,29/5/2017,BORNEO FC,BHAYANGKARA FC,3.0,0.0,1.0,0.0
68,2017/2017,29/5/2017,SEMEN PADANG,PERSIBA BALIKPAPAN,2.0,1.0,1.0,0.0
69,2017/2017,30/5/2017,PERSIPURA JAYAPURA,PS BARITO PUTERA,3.0,1.0,2.0,1.0
70,2017/2017,31/5/2017,BALI UNITED,PERSIB BANDUNG,1.0,0.0,1.0,0.0
71,2017/2017,1/6/2017,MADURA UNITED,GRESIK UNITED,3.0,2.0,2.0,1.0
72,2017/2017,1/6/2017,PERSELA LAMONGAN,SRIWIJAYA FC,2.0,1.0,0.0,0.0
73,2017/2017,2/6/2017,MITRA KUKAR,PERSIKABO 1973,5.0,3.0,2.0,1.0
74,2017/2017,2/6/2017,PERSIJA JAKARTA,AREMA FC,2.0,0.0,2.0,0.0
75,2017/2017,3/6/2017,PERSIBA BALIKPAPAN,BORNEO FC,3.0,2.0,2.0,0.0
76,2017/2017,3/6/2017,PS BARITO PUTERA,SEMEN PADANG,3.0,1.0,1.0,1.0
77,2017/2017,3/6/2017,PSM MAKASSAR,PERSIPURA JAYAPURA,5.0,1.0,2.0,0.0
78,2017/2017,4/6/2017,PERSERU SERUI,BALI UNITED,1.0,3.0,0.0,2.0
79,2017/2017,4/6/2017,BHAYANGKARA FC,PERSIB BANDUNG,2.0,0.0,1.0,0.0
80,2017/2017,5/6/2017,GRESIK UNITED,PERSELA LAMONGAN,0.0,2.0,0.0,2.0
81,2017/2017,7/6/2017,MADURA UNITED,PERSIPURA JAYAPURA,2.0,0.0,1.0,0.0
82,2017/2017,7/6/2017,BORNEO FC,PS BARITO PUTERA,2.0,1.0,0.0,0.0
83,2017/2017,7/6/2017,SRIWIJAYA FC,MITRA KUKAR,3.0,1.0,3.0,0.0
84,2017/2017,8/6/2017,PERSIKABO 1973,PERSIJA JAKARTA,0.0,2.0,0.0,1.0
85,2017/2017,8/6/2017,SEMEN PADANG,PSM MAKASSAR,2.0,1.0,1.0,1.0
86,2017/2017,9/6/2017,BALI UNITED,BHAYANGKARA FC,1.0,3.0,0.0,1.0
87,2017/2017,10/6/2017,AREMA FC,PERSERU SERUI,0.0,0.0,0.0,0.0
88,2017/2017,11/6/2017,PERSIB BANDUNG,PERSIBA BALIKPAPAN,1.0,0.0,0.0,0.0
89,2017/2017,12/6/2017,MADURA UNITED,SEMEN PADANG,6.0,0.0,3.0,0.0
90,2017/2017,13/6/2017,PERSERU SERUI,PERSIJA JAKARTA,0.0,3.0,0.0,1.0
91,2017/2017,14/6/2017,PERSELA LAMONGAN,PERSIPURA JAYAPURA,0.0,1.0,0.0,0.0
92,2017/2017,15/6/2017,MITRA KUKAR,GRESIK UNITED,3.0,1.0,2.0,0.0
93,2017/2017,16/6/2017,PERSIJA JAKARTA,SRIWIJAYA FC,1.0,0.0,1.0,0.0
94,2017/2017,17/6/2017,AREMA FC,BALI UNITED,2.0,0.0,1.0,0.0
95,2017/2017,18/6/2017,PS BARITO PUTERA,PERSIB BANDUNG,1.0,0.0,0.0,0.0
96,2017/2017,18/6/2017,PERSERU SERUI,PERSIKABO 1973,0.0,1.0,0.0,1.0
97,2017/2017,19/6/2017,PERSIBA BALIKPAPAN,BHAYANGKARA FC,1.0,2.0,0.0,1.0
98,2017/2017,19/6/2017,PSM MAKASSAR,BORNEO FC,1.0,0.0,0.0,0.0
99,2017/2017,3/7/2017,PERSIPURA JAYAPURA,MITRA KUKAR,6.0,0.0,3.0,0.0
100,2017/2017,3/7/2017,SEMEN PADANG,PERSELA LAMONGAN,1.0,0.0,0.0,0.0
101,2017/2017,3/7/2017,PERSIKABO 1973,AREMA FC,0.0,0.0,0.0,0.0
102,2017/2017,4/7/2017,GRESIK UNITED,PERSIJA JAKARTA,1.0,1.0,1.0,1.0
103,2017/2017,4/7/2017,BORNEO FC,MADURA UNITED,3.0,0.0,2.0,0.0
104,2017/2017,4/7/2017,BHAYANGKARA FC,PS BARITO PUTERA,0.0,1.0,0.0,1.0
105,2017/2017,5/7/2017,BALI UNITED,PERSIBA BALIKPAPAN,2.0,0.0,0.0,0.0
106,2017/2017,5/7/2017,PERSIB BANDUNG,PSM MAKASSAR,2.0,1.0,1.0,0.0
107,2017/2017,7/7/2017,MITRA KUKAR,SEMEN PADANG,1.0,0.0,1.0,0.0
108,2017/2017,7/7/2017,AREMA FC,SRIWIJAYA FC,3.0,2.0,1.0,1.0
109,2017/2017,8/7/2017,PERSERU SERUI,GRESIK UNITED,1.0,0.0,1.0,0.0
110,2017/2017,8/7/2017,PERSELA LAMONGAN,BORNEO FC,3.0,1.0,2.0,0.0
111,2017/2017,8/7/2017,PERSIJA JAKARTA,PERSIPURA JAYAPURA,1.0,1.0,0.0,0.0
112,2017/2017,9/7/2017,PS BARITO PUTERA,PERSIBA BALIKPAPAN,1.0,0.0,0.0,0.0
113,2017/2017,9/7/2017,PSM MAKASSAR,BHAYANGKARA FC,2.0,1.0,1.0,0.0
114,2017/2017,9/7/2017,MADURA UNITED,PERSIB BANDUNG,3.0,1.0,1.0,0.0
115,2017/2017,10/7/2017,PERSIKABO 1973,BALI UNITED,3.0,4.0,1.0,3.0
116,2017/2017,11/7/2017,BORNEO FC,MITRA KUKAR,1.0,0.0,0.0,0.0
117,2017/2017,12/7/2017,PERSIPURA JAYAPURA,PERSERU SERUI,2.0,2.0,0.0,1.0
118,2017/2017,12/7/2017,SEMEN PADANG,PERSIJA JAKARTA,1.0,1.0,0.0,0.0
119,2017/2017,12/7/2017,GRESIK UNITED,AREMA FC,2.0,3.0,2.0,1.0
120,2017/2017,12/7/2017,PERSIB BANDUNG,PERSELA LAMONGAN,1.0,1.0,1.0,0.0
121,2017/2017,13/7/2017,BHAYANGKARA FC,MADURA UNITED,2.0,1.0,0.0,1.0
122,2017/2017,13/7/2017,PERSIBA BALIKPAPAN,PSM MAKASSAR,2.0,2.0,1.0,1.0
123,2017/2017,14/7/2017,BALI UNITED,PS BARITO PUTERA,5.0,0.0,1.0,0.0
124,2017/2017,14/7/2017,SRIWIJAYA FC,PERSIKABO 1973,2.0,1.0,0.0,0.0
125,2017/2017,15/7/2017,MITRA KUKAR,PERSIB BANDUNG,2.0,1.0,1.0,1.0
126,2017/2017,16/7/2017,PERSIJA JAKARTA,BORNEO FC,1.0,0.0,1.0,0.0
127,2017/2017,16/7/2017,AREMA FC,PERSIPURA JAYAPURA,0.0,2.0,0.0,1.0
128,2017/2017,17/7/2017,PERSERU SERUI,SEMEN PADANG,0.0,0.0,0.0,0.0
129,2017/2017,17/7/2017,MADURA UNITED,PERSIBA BALIKPAPAN,1.0,0.0,1.0,0.0
130,2017/2017,17/7/2017,PERSELA LAMONGAN,BHAYANGKARA FC,1.0,3.0,0.0,1.0
131,2017/2017,18/7/2017,PSM MAKASSAR,PS BARITO PUTERA,1.0,1.0,1.0,0.0
132,2017/2017,18/7/2017,PERSIKABO 1973,GRESIK UNITED,2.0,1.0,0.0,1.0
133,2017/2017,19/7/2017,SRIWIJAYA FC,BALI UNITED,2.0,2.0,1.0,1.0
134,2017/2017,21/7/2017,BHAYANGKARA FC,MITRA KUKAR,4.0,1.0,1.0,1.0
135,2017/2017,21/7/2017,SEMEN PADANG,AREMA FC,2.0,0.0,1.0,0.0
136,2017/2017,22/7/2017,PS BARITO PUTERA,MADURA UNITED,2.0,2.0,1.0,2.0
137,2017/2017,22/7/2017,PERSIB BANDUNG,PERSIJA JAKARTA,1.0,1.0,1.0,1.0
138,2017/2017,22/7/2017,BORNEO FC,PERSERU SERUI,2.0,0.0,2.0,0.0
139,2017/2017,23/7/2017,PERSIPURA JAYAPURA,PERSIKABO 1973,2.0,1.0,1.0,0.0
140,2017/2017,23/7/2017,PERSIBA BALIKPAPAN,PERSELA LAMONGAN,2.0,2.0,1.0,1.0
141,2017/2017,23/7/2017,BALI UNITED,PSM MAKASSAR,3.0,0.0,0.0,0.0
142,2017/2017,24/7/2017,GRESIK UNITED,SRIWIJAYA FC,1.0,1.0,1.0,0.0
143,2017/2017,28/7/2017,PERSELA LAMONGAN,PS BARITO PUTERA,3.0,2.0,2.0,1.0
144,2017/2017,28/7/2017,MITRA KUKAR,PERSIBA BALIKPAPAN,2.0,2.0,0.0,0.0
145,2017/2017,29/7/2017,PERSERU SERUI,PERSIB BANDUNG,2.0,1.0,0.0,0.0
146,2017/2017,29/7/2017,MADURA UNITED,PSM MAKASSAR,1.0,0.0,0.0,0.0
147,2017/2017,29/7/2017,PERSIJA JAKARTA,BHAYANGKARA FC,1.0,0.0,0.0,0.0
148,2017/2017,30/7/2017,SRIWIJAYA FC,PERSIPURA JAYAPURA,2.0,2.0,0.0,1.0
149,2017/2017,30/7/2017,AREMA FC,BORNEO FC,0.0,0.0,0.0,0.0
150,2017/2017,30/7/2017,PERSIKABO 1973,SEMEN PADANG,2.0,1.0,2.0,0.0
151,2017/2017,31/7/2017,GRESIK UNITED,BALI UNITED,1.0,3.0,0.0,1.0
152,2017/2017,2/8/2017,SRIWIJAYA FC,PERSERU SERUI,0.0,0.0,0.0,0.0
153,2017/2017,4/8/2017,MADURA UNITED,PERSELA LAMONGAN,2.0,1.0,1.0,1.0
154,2017/2017,4/8/2017,BHAYANGKARA FC,AREMA FC,2.0,1.0,1.0,1.0
155,2017/2017,5/8/2017,BORNEO FC,SRIWIJAYA FC,0.0,1.0,0.0,0.0
156,2017/2017,5/8/2017,SEMEN PADANG,GRESIK UNITED,4.0,1.0,1.0,1.0
157,2017/2017,5/8/2017,PERSIB BANDUNG,PERSIKABO 1973,3.0,1.0,2.0,0.0
158,2017/2017,6/8/2017,PERSIBA BALIKPAPAN,PERSERU SERUI,2.0,1.0,2.0,1.0
159,2017/2017,6/8/2017,PS BARITO PUTERA,PERSIJA JAKARTA,1.0,0.0,0.0,0.0
160,2017/2017,7/8/2017,PSM MAKASSAR,MITRA KUKAR,1.0,0.0,0.0,0.0
161,2017/2017,9/8/2017,PERSIPURA JAYAPURA,BALI UNITED,3.0,1.0,2.0,0.0
162,2017/2017,11/8/2017,MITRA KUKAR,PS BARITO PUTERA,3.0,2.0,1.0,1.0
163,2017/2017,11/8/2017,SRIWIJAYA FC,SEMEN PADANG,0.0,0.0,0.0,0.0
164,2017/2017,12/8/2017,PERSIJA JAKARTA,PERSIBA BALIKPAPAN,2.0,0.0,1.0,0.0
165,2017/2017,12/8/2017,AREMA FC,PERSIB BANDUNG,0.0,0.0,0.0,0.0
166,2017/2017,12/8/2017,PERSELA LAMONGAN,PSM MAKASSAR,0.0,1.0,0.0,0.0
167,2017/2017,13/8/2017,PERSERU SERUI,BHAYANGKARA FC,1.0,1.0,0.0,1.0
168,2017/2017,13/8/2017,BORNEO FC,PERSIKABO 1973,1.0,0.0,0.0,0.0
169,2017/2017,13/8/2017,BALI UNITED,MADURA UNITED,5.0,2.0,3.0,1.0
170,2017/2017,14/8/2017,GRESIK UNITED,PERSIPURA JAYAPURA,0.0,4.0,0.0,1.0
171,2017/2017,15/8/2017,PERSIJA JAKARTA,PSM MAKASSAR,2.0,2.0,0.0,2.0
172,2017/2017,18/8/2017,AREMA FC,PERSIBA BALIKPAPAN,3.0,0.0,2.0,0.0
173,2017/2017,20/8/2017,BHAYANGKARA FC,SRIWIJAYA FC,2.0,1.0,1.0,1.0
174,2017/2017,20/8/2017,PERSIB BANDUNG,GRESIK UNITED,6.0,0.0,2.0,0.0
175,2017/2017,21/8/2017,PERSELA LAMONGAN,MITRA KUKAR,2.0,3.0,1.0,0.0
176,2017/2017,21/8/2017,MADURA UNITED,PERSIJA JAKARTA,1.0,1.0,0.0,0.0
177,2017/2017,21/8/2017,BORNEO FC,PERSIPURA JAYAPURA,1.0,1.0,0.0,0.0
178,2017/2017,22/8/2017,PERSIBA BALIKPAPAN,PERSIKABO 1973,1.0,0.0,0.0,0.0
179,2017/2017,23/8/2017,PS BARITO PUTERA,AREMA FC,1.0,2.0,1.0,0.0
180,2017/2017,23/8/2017,PSM MAKASSAR,PERSERU SERUI,2.0,0.0,1.0,0.0
181,2017/2017,24/8/2017,SEMEN PADANG,BALI UNITED,1.0,3.0,1.0,0.0
182,2017/2017,26/8/2017,GRESIK UNITED,BHAYANGKARA FC,0.0,5.0,0.0,3.0
183,2017/2017,27/8/2017,BALI UNITED,MITRA KUKAR,6.0,1.0,3.0,0.0
184,2017/2017,27/8/2017,PERSIJA JAKARTA,PERSELA LAMONGAN,2.0,0.0,1.0,0.0
185,2017/2017,28/8/2017,PERSERU SERUI,MADURA UNITED,2.0,0.0,1.0,0.0
186,2017/2017,28/8/2017,PERSIPURA JAYAPURA,PERSIB BANDUNG,0.0,0.0,0.0,0.0
187,2017/2017,29/8/2017,SRIWIJAYA FC,PERSIBA BALIKPAPAN,1.0,0.0,0.0,0.0
188,2017/2017,30/8/2017,AREMA FC,PSM MAKASSAR,3.0,3.0,0.0,3.0
189,2017/2017,30/8/2017,PERSIKABO 1973,PS BARITO PUTERA,1.0,1.0,1.0,0.0
190,2017/2017,31/8/2017,SEMEN PADANG,BORNEO FC,1.0,1.0,0.0,0.0
191,2017/2017,3/9/2017,PERSERU SERUI,PS BARITO PUTERA,0.0,1.0,0.0,0.0
192,2017/2017,3/9/2017,MITRA KUKAR,MADURA UNITED,2.0,1.0,0.0,1.0
193,2017/2017,3/9/2017,BALI UNITED,PERSELA LAMONGAN,5.0,1.0,0.0,0.0
194,2017/2017,3/9/2017,PERSIKABO 1973,BHAYANGKARA FC,0.0,1.0,0.0,1.0
195,2017/2017,4/9/2017,PERSIPURA JAYAPURA,SEMEN PADANG,3.0,0.0,1.0,0.0
196,2017/2017,4/9/2017,GRESIK UNITED,BORNEO FC,0.0,1.0,0.0,1.0
197,2017/2017,4/9/2017,SRIWIJAYA FC,PERSIB BANDUNG,1.0,4.0,0.0,2.0
198,2017/2017,8/9/2017,PERSELA LAMONGAN,PERSERU SERUI,1.0,0.0,0.0,0.0
199,2017/2017,8/9/2017,MITRA KUKAR,PERSIJA JAKARTA,1.0,2.0,1.0,0.0
200,2017/2017,9/9/2017,PERSIB BANDUNG,SEMEN PADANG,2.0,2.0,1.0,1.0
201,2017/2017,9/9/2017,PERSIBA BALIKPAPAN,GRESIK UNITED,3.0,0.0,2.0,0.0
202,2017/2017,9/9/2017,BHAYANGKARA FC,PERSIPURA JAYAPURA,2.0,1.0,0.0,0.0
203,2017/2017,10/9/2017,PS BARITO PUTERA,SRIWIJAYA FC,2.0,0.0,2.0,0.0
204,2017/2017,10/9/2017,PSM MAKASSAR,PERSIKABO 1973,4.0,1.0,2.0,0.0
205,2017/2017,10/9/2017,MADURA UNITED,AREMA FC,2.0,0.0,0.0,0.0
206,2017/2017,11/9/2017,BORNEO FC,BALI UNITED,0.0,0.0,0.0,0.0
207,2017/2017,14/9/2017,PERSERU SERUI,MITRA KUKAR,2.0,1.0,0.0,0.0
208,2017/2017,15/9/2017,SEMEN PADANG,BHAYANGKARA FC,1.0,2.0,1.0,0.0
209,2017/2017,15/9/2017,BALI UNITED,PERSIJA JAKARTA,2.0,1.0,2.0,0.0
210,2017/2017,16/9/2017,AREMA FC,PERSELA LAMONGAN,2.0,0.0,1.0,0.0
211,2017/2017,17/9/2017,PERSIPURA JAYAPURA,PERSIBA BALIKPAPAN,4.0,2.0,2.0,0.0
212,2017/2017,17/9/2017,GRESIK UNITED,PS BARITO PUTERA,2.0,1.0,2.0,1.0
213,2017/2017,17/9/2017,SRIWIJAYA FC,PSM MAKASSAR,3.0,4.0,1.0,0.0
214,2017/2017,18/9/2017,PERSIKABO 1973,MADURA UNITED,2.0,3.0,1.0,2.0
215,2017/2017,19/9/2017,PERSIJA JAKARTA,PERSERU SERUI,1.0,0.0,1.0,0.0
216,2017/2017,20/9/2017,BHAYANGKARA FC,BORNEO FC,2.0,1.0,0.0,0.0
217,2017/2017,20/9/2017,MITRA KUKAR,AREMA FC,0.0,3.0,0.0,1.0
218,2017/2017,21/9/2017,PERSIB BANDUNG,BALI UNITED,0.0,0.0,0.0,0.0
219,2017/2017,21/9/2017,PS BARITO PUTERA,PERSIPURA JAYAPURA,1.0,1.0,0.0,1.0
220,2017/2017,21/9/2017,PERSIBA BALIKPAPAN,SEMEN PADANG,1.0,0.0,1.0,0.0
221,2017/2017,22/9/2017,PERSELA LAMONGAN,PERSIKABO 1973,1.0,0.0,1.0,0.0
222,2017/2017,22/9/2017,MADURA UNITED,SRIWIJAYA FC,3.0,0.0,1.0,0.0
223,2017/2017,22/9/2017,PSM MAKASSAR,GRESIK UNITED,5.0,1.0,3.0,0.0
224,2017/2017,24/9/2017,PERSIB BANDUNG,BHAYANGKARA FC,1.0,1.0,0.0,1.0
225,2017/2017,24/9/2017,AREMA FC,PERSIJA JAKARTA,1.0,1.0,0.0,1.0
226,2017/2017,25/9/2017,BORNEO FC,PERSIBA BALIKPAPAN,1.0,0.0,0.0,0.0
227,2017/2017,25/9/2017,BALI UNITED,PERSERU SERUI,2.0,0.0,1.0,0.0
228,2017/2017,25/9/2017,SEMEN PADANG,PS BARITO PUTERA,1.0,2.0,1.0,0.0
229,2017/2017,26/9/2017,SRIWIJAYA FC,PERSELA LAMONGAN,2.0,0.0,0.0,0.0
230,2017/2017,26/9/2017,GRESIK UNITED,MADURA UNITED,0.0,3.0,0.0,1.0
231,2017/2017,26/9/2017,PERSIKABO 1973,MITRA KUKAR,2.0,1.0,2.0,0.0
232,2017/2017,27/9/2017,PERSIPURA JAYAPURA,PSM MAKASSAR,0.0,0.0,0.0,0.0
233,2017/2017,29/9/2017,PERSERU SERUI,AREMA FC,2.0,0.0,1.0,0.0
234,2017/2017,29/9/2017,BHAYANGKARA FC,BALI UNITED,3.0,2.0,1.0,2.0
235,2017/2017,30/9/2017,MITRA KUKAR,SRIWIJAYA FC,2.0,0.0,0.0,0.0
236,2017/2017,30/9/2017,PERSELA LAMONGAN,GRESIK UNITED,7.0,1.0,3.0,0.0
237,2017/2017,30/9/2017,PERSIJA JAKARTA,PERSIKABO 1973,4.0,1.0,2.0,1.0
238,2017/2017,1/10/2017,PERSIPURA JAYAPURA,MADURA UNITED,0.0,1.0,0.0,1.0
239,2017/2017,1/10/2017,PS BARITO PUTERA,BORNEO FC,2.0,1.0,0.0,0.0
240,2017/2017,1/10/2017,PERSIBA BALIKPAPAN,PERSIB BANDUNG,2.0,2.0,0.0,1.0
241,2017/2017,2/10/2017,PSM MAKASSAR,SEMEN PADANG,4.0,0.0,2.0,0.0
242,2017/2017,6/10/2017,PERSIPURA JAYAPURA,PERSELA LAMONGAN,2.0,1.0,1.0,0.0
243,2017/2017,6/10/2017,SEMEN PADANG,MADURA UNITED,0.0,0.0,0.0,0.0
244,2017/2017,7/10/2017,GRESIK UNITED,MITRA KUKAR,2.0,4.0,2.0,1.0
245,2017/2017,7/10/2017,SRIWIJAYA FC,PERSIJA JAKARTA,1.0,0.0,0.0,0.0
246,2017/2017,7/10/2017,PERSIKABO 1973,PERSERU SERUI,2.0,1.0,1.0,0.0
247,2017/2017,8/10/2017,BHAYANGKARA FC,PERSIBA BALIKPAPAN,3.0,2.0,3.0,2.0
248,2017/2017,8/10/2017,BORNEO FC,PSM MAKASSAR,3.0,2.0,2.0,1.0
249,2017/2017,8/10/2017,BALI UNITED,AREMA FC,6.0,1.0,2.0,1.0
250,2017/2017,9/10/2017,PERSIB BANDUNG,PS BARITO PUTERA,0.0,0.0,0.0,0.0
251,2017/2017,13/10/2017,MITRA KUKAR,PERSIPURA JAYAPURA,0.0,5.0,0.0,2.0
252,2017/2017,13/10/2017,MADURA UNITED,BORNEO FC,1.0,1.0,1.0,0.0
253,2017/2017,14/10/2017,PERSERU SERUI,SRIWIJAYA FC,2.0,3.0,2.0,1.0
254,2017/2017,14/10/2017,PERSIJA JAKARTA,GRESIK UNITED,5.0,0.0,1.0,0.0
255,2017/2017,14/10/2017,AREMA FC,PERSIKABO 1973,1.0,1.0,0.0,0.0
256,2017/2017,15/10/2017,PERSELA LAMONGAN,SEMEN PADANG,2.0,0.0,1.0,0.0
257,2017/2017,15/10/2017,PS BARITO PUTERA,BHAYANGKARA FC,1.0,0.0,0.0,0.0
258,2017/2017,15/10/2017,PSM MAKASSAR,PERSIB BANDUNG,2.0,1.0,1.0,1.0
259,2017/2017,16/10/2017,PERSIBA BALIKPAPAN,BALI UNITED,3.0,2.0,1.0,0.0
260,2017/2017,18/10/2017,PERSIPURA JAYAPURA,PERSIJA JAKARTA,3.0,0.0,0.0,0.0
261,2017/2017,18/10/2017,GRESIK UNITED,PERSERU SERUI,2.0,5.0,0.0,2.0
262,2017/2017,19/10/2017,PERSIB BANDUNG,MADURA UNITED,0.0,0.0,0.0,0.0
263,2017/2017,19/10/2017,SEMEN PADANG,MITRA KUKAR,1.0,2.0,0.0,2.0
264,2017/2017,19/10/2017,BHAYANGKARA FC,PSM MAKASSAR,0.0,2.0,0.0,0.0
265,2017/2017,19/10/2017,BORNEO FC,PERSELA LAMONGAN,4.0,2.0,2.0,0.0
266,2017/2017,20/10/2017,SRIWIJAYA FC,AREMA FC,1.0,1.0,1.0,1.0
267,2017/2017,20/10/2017,BALI UNITED,PERSIKABO 1973,2.0,1.0,2.0,1.0
268,2017/2017,20/10/2017,PERSIBA BALIKPAPAN,PS BARITO PUTERA,2.0,3.0,0.0,1.0
269,2017/2017,22/10/2017,PERSERU SERUI,PERSIPURA JAYAPURA,2.0,1.0,1.0,1.0
270,2017/2017,22/10/2017,PERSELA LAMONGAN,PERSIB BANDUNG,1.0,0.0,0.0,0.0
271,2017/2017,22/10/2017,PERSIJA JAKARTA,SEMEN PADANG,2.0,0.0,0.0,0.0
272,2017/2017,23/10/2017,MITRA KUKAR,BORNEO FC,0.0,4.0,0.0,2.0
273,2017/2017,24/10/2017,PSM MAKASSAR,PERSIBA BALIKPAPAN,3.0,1.0,1.0,0.0
274,2017/2017,25/10/2017,PS BARITO PUTERA,BALI UNITED,1.0,1.0,1.0,0.0
275,2017/2017,25/10/2017,AREMA FC,GRESIK UNITED,2.0,0.0,2.0,0.0
276,2017/2017,25/10/2017,PERSIKABO 1973,SRIWIJAYA FC,2.0,1.0,1.0,0.0
277,2017/2017,27/10/2017,PERSIB BANDUNG,MITRA KUKAR,3.0,1.0,0.0,0.0
278,2017/2017,27/10/2017,BHAYANGKARA FC,PERSELA LAMONGAN,3.0,1.0,1.0,0.0
279,2017/2017,28/10/2017,GRESIK UNITED,PERSIKABO 1973,0.0,3.0,0.0,2.0
280,2017/2017,28/10/2017,SEMEN PADANG,PERSERU SERUI,3.0,1.0,1.0,0.0
281,2017/2017,28/10/2017,BORNEO FC,PERSIJA JAKARTA,1.0,2.0,0.0,0.0
282,2017/2017,29/10/2017,PERSIPURA JAYAPURA,AREMA FC,3.0,1.0,0.0,1.0
283,2017/2017,29/10/2017,PERSIBA BALIKPAPAN,MADURA UNITED,3.0,4.0,2.0,1.0
284,2017/2017,29/10/2017,PS BARITO PUTERA,PSM MAKASSAR,2.0,2.0,1.0,1.0
285,2017/2017,30/10/2017,BALI UNITED,SRIWIJAYA FC,3.0,2.0,3.0,0.0
286,2017/2017,3/11/2017,MITRA KUKAR,BHAYANGKARA FC,0.0,3.0,0.0,0.0
287,2017/2017,3/11/2017,PERSIJA JAKARTA,PERSIB BANDUNG,1.0,0.0,0.0,0.0
288,2017/2017,4/11/2017,PERSERU SERUI,BORNEO FC,3.0,2.0,3.0,2.0
289,2017/2017,4/11/2017,PERSIKABO 1973,PERSIPURA JAYAPURA,2.0,1.0,0.0,0.0
290,2017/2017,4/11/2017,AREMA FC,SEMEN PADANG,5.0,3.0,3.0,0.0
291,2017/2017,5/11/2017,PERSELA LAMONGAN,PERSIBA BALIKPAPAN,2.0,2.0,1.0,1.0
292,2017/2017,5/11/2017,SRIWIJAYA FC,GRESIK UNITED,10.0,2.0,6.0,1.0
293,2017/2017,5/11/2017,MADURA UNITED,PS BARITO PUTERA,3.0,1.0,2.0,0.0
294,2017/2017,6/11/2017,PSM MAKASSAR,BALI UNITED,0.0,1.0,0.0,0.0
295,2017/2017,8/11/2017,BORNEO FC,PERSIB BANDUNG,2.0,1.0,1.0,0.0
296,2017/2017,8/11/2017,MADURA UNITED,BHAYANGKARA FC,1.0,3.0,0.0,0.0
297,2017/2017,10/11/2017,PERSIBA BALIKPAPAN,MITRA KUKAR,3.0,2.0,1.0,1.0
298,2017/2017,11/11/2017,PS BARITO PUTERA,PERSELA LAMONGAN,4.0,1.0,3.0,1.0
299,2017/2017,11/11/2017,BORNEO FC,AREMA FC,3.0,2.0,2.0,1.0
300,2017/2017,12/11/2017,PERSIPURA JAYAPURA,SRIWIJAYA FC,2.0,2.0,0.0,2.0
301,2017/2017,12/11/2017,PERSIB BANDUNG,PERSERU SERUI,0.0,2.0,0.0,0.0
302,2017/2017,12/11/2017,SEMEN PADANG,PERSIKABO 1973,2.0,0.0,2.0,0.0
303,2017/2017,12/11/2017,BALI UNITED,GRESIK UNITED,3.0,0.0,1.0,0.0
304,2017/2017,12/11/2017,BHAYANGKARA FC,PERSIJA JAKARTA,1.0,2.0,1.0,1.0
305,2017/2017,12/11/2017,PSM MAKASSAR,MADURA UNITED,6.0,1.0,1.0,1.0
306,,,,,,,,
307,,,,,,,,
308,,,,,,,,
309,,,,,,,,
310,,,,,,,,
311,,,,,,,,
312,,,,,,,,
313,,,,,,,,
314,,,,,,,,
315,,,,,,,,
316,,,,,,,,
317,,,,,,,,
318,,,,,,,,
319,,,,,,,,
320,,,,,,,,
321,,,,,,,,
322,,,,,,,,
323,,,,,,,,
324,,,,,,,,
325,,,,,,,,
326,,,,,,,,
327,,,,,,,,
328,,,,,,,,
329,,,,,,,,
330,,,,,,,,
331,,,,,,,,
332,,,,,,,,
333,,,,,,,,
334,,,,,,,,
335,,,,,,,,
336,,,,,,,,
337,,,,,,,,
338,,,,,,,,
339,,,,,,,,
340,,,,,,,,
341,,,,,,,,
342,,,,,,,,
343,,,,,,,,
344,,,,,,,,
345,,,,,,,,
346,,,,,,,,
347,,,,,,,,
348,,,,,,,,
349,,,,,,,,
350,,,,,,,,
351,,,,,,,,
352,,,,,,,,
353,,,,,,,,
354,,,,,,,,
355,,,,,,,,
356,,,,,,,,
357,,,,,,,,
358,,,,,,,,
359,,,,,,,,
360,,,,,,,,
361,,,,,,,,
362,,,,,,,,
363,,,,,,,,
364,,,,,,,,
365,,,,,,,,
366,,,,,,,,
367,,,,,,,,
368,,,,,,,,
369,,,,,,,,
370,,,,,,,,
371,,,,,,,,
372,,,,,,,,
373,,,,,,,,
374,,,,,,,,
375,,,,,,,,
376,,,,,,,,
377,,,,,,,,
378,,,,,,,,
379,,,,,,,,
380,,,,,,,,
381,,,,,,,,
382,,,,,,,,
383,,,,,,,,
384,,,,,,,,
385,,,,,,,,
386,,,,,,,,
387,,,,,,,,
388,,,,,,,,
389,,,,,,,,
390,,,,,,,,
391,,,,,,,,
392,,,,,,,,
393,,,,,,,,
394,,,,,,,,
395,,,,,,,,
396,,,,,,,,
397,,,,,,,,
398,,,,,,,,
399,,,,,,,,
400,,,,,,,,
401,,,,,,,,
402,,,,,,,,
403,,,,,,,,
404,,,,,,,,
405,,,,,,,,
406,,,,,,,,
407,,,,,,,,
408,,,,,,,,
409,,,,,,,,
410,,,,,,,,
411,,,,,,,,
412,,,,,,,,
413,,,,,,,,
414,,,,,,,,
415,,,,,,,,
416,,,,,,,,
417,,,,,,,,
418,,,,,,,,
419,,,,,,,,
420,,,,,,,,
421,,,,,,,,
422,,,,,,,,
423,,,,,,,,
424,,,,,,,,
425,,,,,,,,
426,,,,,,,,
427,,,,,,,,
428,,,,,,,,
429,,,,,,,,
430,,,,,,,,
431,,,,,,,,
432,,,,,,,,
433,,,,,,,,
434,,,,,,,,
435,,,,,,,,
436,,,,,,,,
437,,,,,,,,
438,,,,,,,,
439,,,,,,,,
440,,,,,,,,
441,,,,,,,,
442,,,,,,,,
443,,,,,,,,
444,,,,,,,,
445,,,,,,,,
446,,,,,,,,
447,,,,,,,,
448,,,,,,,,
449,,,,,,,,
450,,,,,,,,
451,,,,,,,,
452,,,,,,,,
453,,,,,,,,
454,,,,,,,,
455,,,,,,,,
456,,,,,,,,
457,,,,,,,,
458,,,,,,,,
459,,,,,,,,
460,,,,,,,,
461,,,,,,,,
462,,,,,,,,
463,,,,,,,,
464,,,,,,,,
465,,,,,,,,
466,,,,,,,,
467,,,,,,,,
468,,,,,,,,
469,,,,,,,,
470,,,,,,,,
471,,,,,,,,
472,,,,,,,,
473,,,,,,,,
474,,,,,,,,
475,,,,,,,,
476,,,,,,,,
477,,,,,,,,
478,,,,,,,,
479,,,,,,,,
480,,,,,,,,
481,,,,,,,,
482,,,,,,,,
483,,,,,,,,
484,,,,,,,,
485,,,,,,,,
486,,,,,,,,
487,,,,,,,,
488,,,,,,,,
489,,,,,,,,
490,,,,,,,,
491,,,,,,,,
492,,,,,,,,
493,,,,,,,,
494,,,,,,,,
495,,,,,,,,
496,,,,,,,,
497,,,,,,,,
498,,,,,,,,
499,,,,,,,,
500,,,,,,,,
501,,,,,,,,
502,,,,,,,,
503,,,,,,,,
504,,,,,,,,
505,,,,,,,,
506,,,,,,,,
507,,,,,,,,
508,,,,,,,,
509,,,,,,,,
510,,,,,,,,
511,,,,,,,,
512,,,,,,,,
513,,,,,,,,
514,,,,,,,,
515,,,,,,,,
516,,,,,,,,
517,,,,,,,,
518,,,,,,,,
519,,,,,,,,
520,,,,,,,,
521,,,,,,,,
522,,,,,,,,
523,,,,,,,,
524,,,,,,,,
525,,,,,,,,
526,,,,,,,,
527,,,,,,,,
528,,,,,,,,
529,,,,,,,,
530,,,,,,,,
531,,,,,,,,
532,,,,,,,,
533,,,,,,,,
534,,,,,,,,
535,,,,,,,,
536,,,,,,,,
537,,,,,,,,
538,,,,,,,,
539,,,,,,,,
540,,,,,,,,
541,,,,,,,,
542,,,,,,,,
543,,,,,,,,
544,,,,,,,,
545,,,,,,,,
546,,,,,,,,
547,,,,,,,,
548,,,,,,,,
549,,,,,,,,
550,,,,,,,,
551,,,,,,,,
552,,,,,,,,
553,,,,,,,,
554,,,,,,,,
555,,,,,,,,
556,,,,,,,,
557,,,,,,,,
558,,,,,,,,
559,,,,,,,,
560,,,,,,,,
561,,,,,,,,
562,,,,,,,,
563,,,,,,,,
564,,,,,,,,
565,,,,,,,,
566,,,,,,,,
567,,,,,,,,
568,,,,,,,,
569,,,,,,,,
570,,,,,,,,
571,,,,,,,,
572,,,,,,,,
573,,,,,,,,
574,,,,,,,,
575,,,,,,,,
576,,,,,,,,
577,,,,,,,,
578,,,,,,,,
579,,,,,,,,
580,,,,,,,,
581,,,,,,,,
582,,,,,,,,
583,,,,,,,,
584,,,,,,,,
585,,,,,,,,
586,,,,,,,,
587,,,,,,,,
588,,,,,,,,
589,,,,,,,,
590,,,,,,,,
591,,,,,,,,
592,,,,,,,,
593,,,,,,,,
594,,,,,,,,
595,,,,,,,,
596,,,,,,,,
597,,,,,,,,
598,,,,,,,,
599,,,,,,,,
600,,,,,,,,
601,,,,,,,,
602,,,,,,,,
603,,,,,,,,
604,,,,,,,,
605,,,,,,,,
606,,,,,,,,
607,,,,,,,,
608,,,,,,,,
609,,,,,,,,
610,,,,,,,,
611,,,,,,,,
612,,,,,,,,
613,,,,,,,,
614,,,,,,,,
615,,,,,,,,
616,,,,,,,,
617,,,,,,,,
618,,,,,,,,
619,,,,,,,,
620,,,,,,,,
621,,,,,,,,
622,,,,,,,,
623,,,,,,,,
624,,,,,,,,
625,,,,,,,,
626,,,,,,,,
627,,,,,,,,
628,,,,,,,,
629,,,,,,,,
630,,,,,,,,
631,,,,,,,,
632,,,,,,,,
633,,,,,,,,
634,,,,,,,,
635,,,,,,,,
636,,,,,,,,
637,,,,,,,,
638,,,,,,,,
639,,,,,,,,
640,,,,,,,,
641,,,,,,,,
642,,,,,,,,
643,,,,,,,,
644,,,,,,,,
645,,,,,,,,
646,,,,,,,,
647,,,,,,,,
648,,,,,,,,
649,,,,,,,,
650,,,,,,,,
651,,,,,,,,
652,,,,,,,,
653,,,,,,,,
654,,,,,,,,
655,,,,,,,,
656,,,,,,,,
657,,,,,,,,
658,,,,,,,,
659,,,,,,,,
660,,,,,,,,
661,,,,,,,,
662,,,,,,,,
663,,,,,,,,
664,,,,,,,,
665,,,,,,,,
666,,,,,,,,
667,,,,,,,,
668,,,,,,,,
669,,,,,,,,
670,,,,,,,,
671,,,,,,,,
672,,,,,,,,
673,,,,,,,,
674,,,,,,,,
675,,,,,,,,
676,,,,,,,,
677,,,,,,,,
678,,,,,,,,
679,,,,,,,,
680,,,,,,,,
681,,,,,,,,
682,,,,,,,,
683,,,,,,,,
684,,,,,,,,
685,,,,,,,,
686,,,,,,,,
687,,,,,,,,
688,,,,,,,,
689,,,,,,,,
690,,,,,,,,
691,,,,,,,,
692,,,,,,,,
693,,,,,,,,
694,,,,,,,,
695,,,,,,,,
696,,,,,,,,
697,,,,,,,,
698,,,,,,,,
699,,,,,,,,
700,,,,,,,,
701,,,,,,,,
702,,,,,,,,
703,,,,,,,,
704,,,,,,,,
705,,,,,,,,
706,,,,,,,,
707,,,,,,,,
708,,,,,,,,
709,,,,,,,,
710,,,,,,,,
711,,,,,,,,
712,,,,,,,,
713,,,,,,,,
714,,,,,,,,
715,,,,,,,,
716,,,,,,,,
717,,,,,,,,
718,,,,,,,,
719,,,,,,,,
720,,,,,,,,
721,,,,,,,,
722,,,,,,,,
723,,,,,,,,
724,,,,,,,,
725,,,,,,,,
726,,,,,,,,
727,,,,,,,,
728,,,,,,,,
729,,,,,,,,
730,,,,,,,,
731,,,,,,,,
732,,,,,,,,
733,,,,,,,,
734,,,,,,,,
735,,,,,,,,
736,,,,,,,,
737,,,,,,,,
738,,,,,,,,
739,,,,,,,,
740,,,,,,,,
741,,,,,,,,
742,,,,,,,,
743,,,,,,,,
744,,,,,,,,
745,,,,,,,,
746,,,,,,,,
747,,,,,,,,
748,,,,,,,,
749,,,,,,,,
750,,,,,,,,
751,,,,,,,,
752,,,,,,,,
753,,,,,,,,
754,,,,,,,,
755,,,,,,,,
756,,,,,,,,
757,,,,,,,,
758,,,,,,,,
759,,,,,,,,
760,,,,,,,,
761,,,,,,,,
762,,,,,,,,
763,,,,,,,,
764,,,,,,,,
765,,,,,,,,
766,,,,,,,,
767,,,,,,,,
768,,,,,,,,
769,,,,,,,,
770,,,,,,,,
771,,,,,,,,
772,,,,,,,,
773,,,,,,,,
774,,,,,,,,
775,,,,,,,,
776,,,,,,,,
777,,,,,,,,
778,,,,,,,,
779,,,,,,,,
780,,,,,,,,
781,,,,,,,,
782,,,,,,,,
783,,,,,,,,
784,,,,,,,,
785,,,,,,,,
786,,,,,,,,
787,,,,,,,,
788,,,,,,,,
789,,,,,,,,
790,,,,,,,,
791,,,,,,,,
792,,,,,,,,
793,,,,,,,,
794,,,,,,,,
795,,,,,,,,
796,,,,,,,,
797,,,,,,,,
798,,,,,,,,
799,,,,,,,,
800,,,,,,,,
801,,,,,,,,
802,,,,,,,,
803,,,,,,,,
804,,,,,,,,
805,,,,,,,,
806,,,,,,,,
807,,,,,,,,
808,,,,,,,,
809,,,,,,,,
810,,,,,,,,
811,,,,,,,,
812,,,,,,,,
813,,,,,,,,
814,,,,,,,,
815,,,,,,,,
816,,,,,,,,
817,,,,,,,,
818,,,,,,,,
819,,,,,,,,
820,,,,,,,,
821,,,,,,,,
822,,,,,,,,
823,,,,,,,,
824,,,,,,,,
825,,,,,,,,
826,,,,,,,,
827,,,,,,,,
828,,,,,,,,
829,,,,,,,,
830,,,,,,,,
831,,,,,,,,
832,,,,,,,,
833,,,,,,,,
834,,,,,,,,
835,,,,,,,,
836,,,,,,,,
837,,,,,,,,
838,,,,,,,,
839,,,,,,,,
840,,,,,,,,
841,,,,,,,,
842,,,,,,,,
843,,,,,,,,
844,,,,,,,,
845,,,,,,,,
846,,,,,,,,
847,,,,,,,,
848,,,,,,,,
849,,,,,,,,
850,,,,,,,,
851,,,,,,,,
852,,,,,,,,
853,,,,,,,,
854,,,,,,,,
855,,,,,,,,
856,,,,,,,,
857,,,,,,,,
858,,,,,,,,
859,,,,,,,,
860,,,,,,,,
861,,,,,,,,
862,,,,,,,,
863,,,,,,,,
864,,,,,,,,
865,,,,,,,,
866,,,,,,,,
867,,,,,,,,
868,,,,,,,,
869,,,,,,,,
870,,,,,,,,
871,,,,,,,,
872,,,,,,,,
873,,,,,,,,
874,,,,,,,,
875,,,,,,,,
876,,,,,,,,
877,,,,,,,,
878,,,,,,,,
879,,,,,,,,
880,,,,,,,,
881,,,,,,,,
882,,,,,,,,
883,,,,,,,,
884,,,,,,,,
885,,,,,,,,
886,,,,,,,,
887,,,,,,,,
888,,,,,,,,
889,,,,,,,,
890,,,,,,,,
891,,,,,,,,
892,,,,,,,,
893,,,,,,,,
894,,,,,,,,
895,,,,,,,,
896,,,,,,,,
897,,,,,,,,
898,,,,,,,,
899,,,,,,,,
900,,,,,,,,
901,,,,,,,,
902,,,,,,,,
903,,,,,,,,
904,,,,,,,,
905,,,,,,,,
906,,,,,,,,
907,,,,,,,,
908,,,,,,,,
909,,,,,,,,
910,,,,,,,,
911,,,,,,,,
912,,,,,,,,
913,,,,,,,,
914,,,,,,,,
915,,,,,,,,
916,,,,,,,,
917,,,,,,,,
918,,,,,,,,
919,,,,,,,,
920,,,,,,,,
921,,,,,,,,
922,,,,,,,,
923,,,,,,,,
924,,,,,,,,
925,,,,,,,,
926,,,,,,,,
927,,,,,,,,
928,,,,,,,,
929,,,,,,,,
930,,,,,,,,
931,,,,,,,,
932,,,,,,,,
933,,,,,,,,
934,,,,,,,,
935,,,,,,,,
936,,,,,,,,
937,,,,,,,,
938,,,,,,,,
939,,,,,,,,
940,,,,,,,,
941,,,,,,,,
942,,,,,,,,
943,,,,,,,,
944,,,,,,,,
945,,,,,,,,
946,,,,,,,,
947,,,,,,,,
948,,,,,,,,
949,,,,,,,,
950,,,,,,,,
951,,,,,,,,
952,,,,,,,,
953,,,,,,,,
954,,,,,,,,
955,,,,,,,,
956,,,,,,,,
957,,,,,,,,
958,,,,,,,,
959,,,,,,,,
960,,,,,,,,
961,,,,,,,,
962,,,,,,,,
963,,,,,,,,
964,,,,,,,,
965,,,,,,,,
966,,,,,,,,
967,,,,,,,,
968,,,,,,,,
969,,,,,,,,
970,,,,,,,,
971,,,,,,,,
972,,,,,,,,
973,,,,,,,,
974,,,,,,,,
975,,,,,,,,
976,,,,,,,,
977,,,,,,,,
978,,,,,,,,
979,,,,,,,,
980,,,,,,,,
981,,,,,,,,
982,,,,,,,,
983,,,,,,,,
984,,,,,,,,
985,,,,,,,,
986,,,,,,,,
987,,,,,,,,
988,,,,,,,,
989,,,,,,,,
990,,,,,,,,
991,,,,,,,,
992,,,,,,,,
993,,,,,,,,
994,,,,,,,,
995,,,,,,,,
996,,,,,,,,
997,,,,,,,,
